group,stock_name
利基型記憶體IC指標,晶豪科
利基型記憶體IC指標,鈺創
利基型記憶體IC指標,愛普
記憶體製造指標,旺宏
記憶體製造指標,華邦電
記憶體製造指標,南亞科
印刷電路板上游與材料指標,富喬
印刷電路板上游與材料指標,台光電
印刷電路板上游與材料指標,晟鈦
印刷電路板上游與材料指標,榮科
印刷電路板上游與材料指標,建榮
印刷電路板上游與材料指標,德宏
印刷電路板上游與材料指標,凱崴
印刷電路板上游與材料指標,聯茂
印刷電路板上游與材料指標,高僑
印刷電路板上游與材料指標,台燿
印刷電路板上游與材料指標,騰輝電子-KY
印刷電路板上游與材料指標,尖點
印刷電路板上游與材料指標,鉅橡
印刷電路板上游與材料指標,尚茂
印刷電路板上游與材料指標,金居
晶圓代工指標,聯電
晶圓代工指標,台積電
晶圓代工指標,茂矽
晶圓代工指標,漢磊
晶圓代工指標,世界
晶圓代工指標,力積電
記憶體模組指標,創見
記憶體模組指標,凌航
記憶體模組指標,威剛
記憶體模組指標,十銓
記憶體模組指標,廣穎
記憶體模組指標,宜鼎
記憶體模組指標,品安
記憶體模組指標,宇瞻
記憶體模組指標,群聯
玻纖布指標,台玻
玻纖布指標,富喬
玻纖布指標,建榮
玻纖布指標,德宏
MCU指標,笙泉
MCU指標,金麗科
MCU指標,新唐
MCU指標,凌通
MCU指標,松翰
MCU指標,盛群
MCU指標,九齊
MCU指標,應廣
MCU指標,雅特力-KY
MLCC指標,國巨
MLCC指標,華新科
MLCC指標,禾伸堂
MLCC指標,日電貿
MLCC指標,信昌電
MLCC指標,蜜望實
砷化鎵相關指標,全新
砷化鎵相關指標,聯亞
砷化鎵相關指標,穩懋
砷化鎵相關指標,IET-KY
砷化鎵相關指標,環宇-KY
砷化鎵相關指標,全訊
砷化鎵相關指標,宏捷科
軟板上游材料指標,律勝
軟板上游材料指標,達邁
軟板上游材料指標,亞電
軟板上游材料指標,台虹
半導體封測材料指標,順德
半導體封測材料指標,百容
半導體封測材料指標,一詮
半導體封測材料指標,昇貿
半導體封測材料指標,晟楠
半導體封測材料指標,界霖
半導體封測材料指標,中探針
半導體封測材料指標,旺矽
半導體封測材料指標,精測
半導體封測材料指標,穎崴
半導體封測材料指標,長科
半導體封測材料指標,雍智科技
被動元件指標,國巨
被動元件指標,凱美
被動元件指標,興勤
被動元件指標,立隆電
被動元件指標,大毅
被動元件指標,華新科
被動元件指標,禾伸堂
被動元件指標,日電貿
被動元件指標,耀勝
被動元件指標,台嘉碩
被動元件指標,千如
被動元件指標,臺慶科
被動元件指標,堡達
被動元件指標,光頡
被動元件指標,勤凱
被動元件指標,鈺鎧
被動元件指標,華容
被動元件指標,九豪
被動元件指標,鈞寶
被動元件指標,信昌電
被動元件指標,立敦
被動元件指標,艾華
IC基板指標,欣興
IC基板指標,景碩
IC基板指標,同欣電
IC基板指標,易華電
IC基板指標,南電
面板設備指標,盟立
面板設備指標,由田
面板設備指標,陽程
面板設備指標,晶彩科
面板設備指標,東捷
電源管理IC指標,虹冠電
電源管理IC指標,類比科
電源管理IC指標,通嘉
電源管理IC指標,茂達
電源管理IC指標,沛亨
電源管理IC指標,矽力-KY
電源管理IC指標,力智
電源管理IC指標,來頡
分離式元件指標,麗正
分離式元件指標,統懋
分離式元件指標,強茂
分離式元件指標,尼克森
分離式元件指標,德微
分離式元件指標,力士
分離式元件指標,杰力
分離式元件指標,台半
分離式元件指標,大中
分離式元件指標,虹揚-KY
分離式元件指標,全宇昕
分離式元件指標,廣閎科
分離式元件指標,博盛半導體
分離式元件指標,朋程
分離式元件指標,富鼎
TFT面板指標,友輝
TFT面板指標,茂林-KY
TFT面板指標,誠美材
TFT面板指標,智晶
TFT面板指標,彩晶
TFT面板指標,悅城
TFT面板指標,澤米
TFT面板指標,元太
TFT面板指標,錸寶
TFT面板指標,明基材
TFT面板指標,華宏
TFT面板指標,友達
TFT面板指標,銘旺科
TFT面板指標,翔耀
TFT面板指標,力特
TFT面板指標,正達
TFT面板指標,微端
TFT面板指標,群創
TFT面板指標,迎輝
TFT面板指標,安可
TFT面板指標,光耀
散熱模組指標,協禧
散熱模組指標,雙鴻
散熱模組指標,泰碩
散熱模組指標,力致
散熱模組指標,健策
散熱模組指標,業強
散熱模組指標,尼得科超眾
散熱模組指標,元山
散熱模組指標,動力-KY
散熱模組指標,邁科
散熱模組指標,保銳
散熱模組指標,建準
散熱模組指標,奇鋐
IC零組件通路商指標,亞矽
IC零組件通路商指標,豐藝
IC零組件通路商指標,茂綸
IC零組件通路商指標,方土昶
IC零組件通路商指標,倍微
IC零組件通路商指標,華豫寧
IC零組件通路商指標,光菱
IC零組件通路商指標,全達
IC零組件通路商指標,陞泰
IC零組件通路商指標,擎亞
IC零組件通路商指標,至上
IC零組件通路商指標,偉詮電
IC零組件通路商指標,增你強
IC零組件通路商指標,威健
IC零組件通路商指標,文曄
IC零組件通路商指標,益登
IC零組件通路商指標,全科
IC零組件通路商指標,昱捷
IC零組件通路商指標,弘憶股
IC零組件通路商指標,尚立
IC零組件通路商指標,安馳
IC零組件通路商指標,達能
證券指標,統一證
證券指標,致和證
證券指標,群益證
證券指標,宏遠證
證券指標,康和證
證券指標,大展證
證券指標,美好證
證券指標,元大期
證券指標,群益期
證券指標,福邦證
軟板指標,毅嘉
軟板指標,同泰
軟板指標,旭軟
軟板指標,臻鼎-KY
軟板指標,嘉聯益
軟板指標,台郡
軟板指標,圓裕
USB_IC指標,譜瑞-KY
USB_IC指標,祥碩
USB_IC指標,創惟
USB_IC指標,旺玖
USB_IC指標,威鋒電子
USB_IC指標,安國
電子驗證相關指標,宜特
電子驗證相關指標,閎康
電子驗證相關指標,耕興
電子驗證相關指標,汎銓
電子驗證相關指標,東研信超
廠務工程指標,漢唐
廠務工程指標,隆銘綠能
廠務工程指標,漢科
廠務工程指標,聖暉
廠務工程指標,亞翔
廠務工程指標,帆宣
廠務工程指標,洋基工程
廠務工程指標,巨漢
廠務工程指標,聚賢研發-創
廠務工程指標,千附
LCD驅動IC指標,聯詠
LCD驅動IC指標,晶宏
LCD驅動IC指標,敦泰
LCD驅動IC指標,瑞鼎
LCD驅動IC指標,天鈺
LCD驅動IC指標,普誠
LCD驅動IC指標,矽創
光學鏡頭指標,玉晶光
光學鏡頭指標,聯一光
光學鏡頭指標,揚明光
光學鏡頭指標,新鉅科
光學鏡頭指標,佳凌
光學鏡頭指標,今國光
光學鏡頭指標,淳安
光學鏡頭指標,久禾光
光學鏡頭指標,保勝光學
光學鏡頭指標,中揚光
光學鏡頭指標,伯特光
光學鏡頭指標,佳能
光學鏡頭指標,大立光
光學鏡頭指標,亞光
光學鏡頭指標,華晶科
光學鏡頭指標,先進光
電池材料相關指標,美琪瑪
電池材料相關指標,康普
電池材料相關指標,立凱-KY
軸承滑軌指標,直得
軸承滑軌指標,上銀
軸承滑軌指標,川湖
軸承滑軌指標,全球傳動
軸承滑軌指標,南俊國際
軸承滑軌指標,瑞穎
伺服器指標,鴻海
伺服器指標,英業達
伺服器指標,技嘉
伺服器指標,廣達
伺服器指標,承啟
伺服器指標,緯創
伺服器指標,神達
伺服器指標,迎廣
伺服器指標,緯穎
伺服器指標,AMAX-KY
伺服器指標,永擎
石英元件指標,希華
石英元件指標,晶技
石英元件指標,台嘉碩
石英元件指標,安碁
石英元件指標,加高
設計IP指標,智原
設計IP指標,創意
設計IP指標,力旺
設計IP指標,世芯-KY
設計IP指標,億而得
設計IP指標,晶心科
設計IP指標,M31
設計IP指標,意騰-KY
伺服器機殼指標,晟銘電
伺服器機殼指標,營邦
伺服器機殼指標,迎廣
伺服器機殼指標,勤誠
半導體設備指標,意德士
半導體設備指標,明遠精密
半導體設備指標,暉盛-創
半導體設備指標,印能科技
半導體設備指標,竑騰
半導體設備指標,鴻勁
半導體設備指標,捷創科技
半導體設備指標,倍利科
半導體設備指標,創新服務
半導體設備指標,鈦昇
半導體設備指標,翔名
半導體設備指標,創控
半導體設備指標,天虹
半導體設備指標,家碩
半導體設備指標,華洋精機
半導體設備指標,萬潤
半導體設備指標,帆宣
半導體設備指標,易發
半導體設備指標,瑞耘
半導體設備指標,朋億
半導體設備指標,均華
半導體設備指標,美達科技
半導體設備指標,華景電
半導體設備指標,千附精密
半導體設備指標,鎵友益
半導體設備指標,宏碩系統
半導體設備指標,桓達
半導體設備指標,三聯
半導體設備指標,廣運
半導體設備指標,巨路
半導體設備指標,雷科
半導體設備指標,日揚
半導體設備指標,和椿
半導體設備指標,高橋
半導體設備指標,久元
半導體設備指標,志聖
半導體設備指標,蔚華科
半導體設備指標,弘塑
半導體設備指標,公準
半導體設備指標,京鼎
半導體設備指標,台灣精材
半導體設備指標,博磊
半導體設備指標,辛耘
半導體設備指標,家登
半導體設備指標,有成精密
半導體設備指標,均豪
銅箔基板指標,台光電
銅箔基板指標,聯茂
銅箔基板指標,台燿
銅箔基板指標,騰輝電子-KY
銅箔基板指標,尚茂
光固化材料指標,永光
光固化材料指標,三晃
光固化材料指標,奇鈦科
光固化材料指標,雙鍵
IC封測指標,南染
IC封測指標,華泰
IC封測指標,菱生
IC封測指標,超豐
IC封測指標,京元電子
IC封測指標,欣銓
IC封測指標,台星科
IC封測指標,典範
IC封測指標,精材
IC封測指標,聯鈞
IC封測指標,逸昌
IC封測指標,日月光投控
IC封測指標,立衛
IC封測指標,頎邦
IC封測指標,力成
IC封測指標,矽格
IC封測指標,久元
IC封測指標,同欣電
IC封測指標,訊芯-KY
IC封測指標,捷敏-KY
IC封測指標,華東
IC封測指標,福懋科
IC封測指標,南茂
IC封測指標,微矽電子-創
半導體化學品指標,長興
半導體化學品指標,中華化
半導體化學品指標,光洋科
半導體化學品指標,岱稜
半導體化學品指標,鑫科
半導體化學品指標,新應材
半導體化學品指標,三福化
半導體化學品指標,達興材料
半導體化學品指標,頌勝科技
PCB設備指標,川寶
PCB設備指標,志聖
PCB設備指標,揚博
PCB設備指標,德律
PCB設備指標,港建
PCB設備指標,大量
PCB設備指標,由田
PCB設備指標,敘豐
PCB設備指標,陽程
PCB設備指標,牧德
PCB設備指標,科嶠
PCB設備指標,達航科技
PCB設備指標,迅得
PCB設備指標,聯策
PCB設備指標,群翊
PCB設備指標,亞泰金屬
PCB設備指標,長廣
電子代工指標,金寶
電子代工指標,華通
電子代工指標,楠梓電
電子代工指標,鴻海
電子代工指標,廣宇
電子代工指標,華泰
電子代工指標,環科
電子代工指標,達航科技
電子代工指標,和碩
電子代工指標,凱崴
電子代工指標,精成科
電子代工指標,泰詠
電子代工指標,台表科
電子代工指標,尖點
電子代工指標,品安
電子代工指標,精星
電子代工指標,泰金寶-DR
光纖產品指標,冠西電
光纖產品指標,星通
光纖產品指標,波若威
光纖產品指標,光環
光纖產品指標,上詮
光纖產品指標,康聯訊
光纖產品指標,合勤控
光纖產品指標,聯光通
光纖產品指標,前鼎
光纖產品指標,眾達-KY
光纖產品指標,華星光
光纖產品指標,統新
光纖產品指標,光聖
光纖產品指標,創威
光纖產品指標,東典光電
光纖產品指標,萊德光電-KY
光纖產品指標,台通
光纖產品指標,達運光電
光纖產品指標,德勝
AI伺服器_系統整合,廣達
AI伺服器_系統整合,緯創
AI伺服器_系統整合,緯穎
AI伺服器_系統整合,英業達
AI伺服器_系統整合,技嘉
AI伺服器_系統整合,神達
AI伺服器_系統整合,鴻海
AI伺服器_系統整合,環球晶
AI伺服器_電源供應,台達電
AI伺服器_電源供應,光寶科
AI伺服器_電源供應,全漢
AI伺服器_電源供應,群電
AI伺服器_電源供應,茂達
AI伺服器_電源供應,飛宏
AI伺服器_散熱,雙鴻
AI伺服器_散熱,奇鋐
AI伺服器_散熱,健策
AI伺服器_散熱,力致
AI伺服器_散熱,泰碩
AI伺服器_散熱,建準
AI伺服器_機殼機構,勤誠
AI伺服器_機殼機構,晟銘電
AI伺服器_機殼機構,營邦
AI伺服器_機殼機構,迎廣
先進封裝_CoWoS,台積電
先進封裝_CoWoS,日月光投控
先進封裝_CoWoS,京元電子
先進封裝_CoWoS,力成
先進封裝_CoWoS,矽格
先進封裝_CoWoS,頎邦
先進封裝_CoWoS,南亞科
先進封裝_CoWoS,訊芯-KY
CPO矽光子,眾達-KY
CPO矽光子,華星光
CPO矽光子,前鼎
CPO矽光子,波若威
CPO矽光子,聯亞
CPO矽光子,上詮
網通交換器,智邦
網通交換器,中磊
網通交換器,明泰
網通交換器,智易
網通交換器,眾至
網通交換器,啟碁
筆記型電腦指標,廣達
筆記型電腦指標,仁寶
筆記型電腦指標,緯創
筆記型電腦指標,英業達
筆記型電腦指標,和碩
筆記型電腦指標,華碩
車用電子指標,同致
車用電子指標,大億
車用電子指標,帝寶
車用電子指標,東陽
車用電子指標,劍麟
車用電子指標,智伸科
車用電子指標,車王電
車用電子指標,胡連
車用電子指標,為升
連接器指標,貿聯-KY
連接器指標,良維
連接器指標,鴻碩
連接器指標,詮欣
連接器指標,信邦
連接器指標,進聯工業
週邊產品指標,群光
週邊產品指標,致伸
週邊產品指標,新普
週邊產品指標,順達
週邊產品指標,精技
網路通訊指標,智邦
網路通訊指標,中磊
網路通訊指標,明泰
網路通訊指標,智易
網路通訊指標,眾至
網路通訊指標,啟碁
網路通訊指標,正文
電腦板卡指標,微星
電腦板卡指標,映泰
電腦板卡指標,承啟
電腦板卡指標,麗臺
電腦板卡指標,華擎
電腦板卡指標,撼訊
電腦通路指標,聯強
電腦通路指標,精技
電腦通路指標,茂訊
電腦通路指標,鑫聯大投控
電腦通路指標,青雲
電腦通路指標,建達
電腦通路指標,志旭
軟體指標,精誠
軟體指標,敦陽科
軟體指標,叡揚
軟體指標,訊連
軟體指標,三竹資訊
軟體指標,鼎新
機械零組件指標,亞德客-KY
機械零組件指標,和大
機械零組件指標,東培
印刷電路板指標,霖宏
印刷電路板指標,瀚宇博
印刷電路板指標,競國
印刷電路板指標,柏承
印刷電路板指標,松上
印刷電路板指標,精成科
印刷電路板指標,育富
印刷電路板指標,泰鼎-KY
印刷電路板指標,臻鼎-KY
印刷電路板指標,邑昇
印刷電路板指標,高技
印刷電路板指標,宇環
印刷電路板指標,定穎投控
印刷電路板指標,新復興
印刷電路板指標,楠梓電
印刷電路板指標,敬鵬
印刷電路板指標,燿華
印刷電路板指標,金像電
印刷電路板指標,欣興
印刷電路板指標,健鼎
印刷電路板指標,華通
連接線材指標,貿聯-KY
連接線材指標,良維
連接線材指標,信邦
連接線材指標,大山
連接線材指標,詮欣
遊戲相關指標,鈊象
遊戲相關指標,智冠
遊戲相關指標,昱泉
遊戲相關指標,傳奇
遊戲相關指標,樂陞
遊戲相關指標,橘子
其他電子通路指標,大聯大
其他電子通路指標,文曄
其他電子通路指標,豐藝
其他電子通路指標,至上
